Tweet,Porter Stemmed,Snowball Stemmed,Lancaster Stemmed,WordNet Lemmatized,Spacy Lemmatized
"No Hindus #Sanatani  will pass without liking this tweet.. тЭдя╕ПтЭдЁЯЪйЁЯХЙ
#NeetUG24Controversy
#OathCeremony #AUSvsENG
#RamojiRao #SAvsNED
#INDvsPAK Miller
HAPPY BIRTHDAY MANISHA RANI
#ManishaSquad #ManishaRani
#LOCKDOWN   Virat #earthquake 
#Sanatani #Hindu https://t.co/SKiQqzyvjo",no hindu # sanatani will pass without like thi tweet .. тЭдя╕ПтЭдЁЯЪйЁЯХЙ # neetug24controversi # oathceremoni # ausvseng # ramojirao # savsn # indvspak miller happi birthday manisha rani # manishasquad # manisharani # lockdown virat # earthquak # sanatani # hindu http : //t.co/skiqqzyvjo,no hindus # sanatani will pass without like this tweet .. тЭдя╕ПтЭдЁЯЪйЁЯХЙ # neetug24controversi # oathceremoni # ausvseng # ramojirao # savsn # indvspak miller happi birthday manisha rani # manishasquad # manisharani # lockdown virat # earthquak # sanatani # hindu https : //t.co/skiqqzyvjo,no hind # sanatan wil pass without lik thi tweet .. тЭдя╕ПтЭдЁЯЪйЁЯХЙ # neetug24controversy # oathceremony # ausvseng # ramojirao # savsn # indvspak mil happy birthday manish ran # manishasquad # manisharan # lockdown vir # earthquak # sanatan # hindu https : //t.co/skiqqzyvjo,No Hindus # Sanatani will pas without liking this tweet .. тЭдя╕ПтЭдЁЯЪйЁЯХЙ # NeetUG24Controversy # OathCeremony # AUSvsENG # RamojiRao # SAvsNED # INDvsPAK Miller HAPPY BIRTHDAY MANISHA RANI # ManishaSquad # ManishaRani # LOCKDOWN Virat # earthquake # Sanatani # Hindu http : //t.co/SKiQqzyvjo,"no Hindus # Sanatani   will pass without like this tweet .. тЭд я╕П тЭд ЁЯЪй ЁЯХЙ 
 # neetug24controversy 
 # OathCeremony # AUSvsENG 
 # RamojiRao # savsne 
 # INDvsPAK Miller 
 HAPPY BIRTHDAY MANISHA rani 
 # ManishaSquad # ManishaRani 
 # lockdown    Virat # earthquake 
 # sanatani # hindu https://t.co/skiqqzyvjo"
"Submitted an urgent hearing application to the Supreme Court seeking listing of Writ Petition regarding NEET exam irregularities

Hopeful for swift action to address the concerns of 24 lakh students affected by this issue.

#NEET_рдкрд░реАрдХреНрд╖рд╛_рдкрд░рд┐рдгрд╛рдо #NEET_UG #NeetUG24Controversy https://t.co/7kTnXguym0",submit an urgent hear applic to the suprem court seek list of writ petit regard neet exam irregular hope for swift action to address the concern of 24 lakh student affect by thi issu . # neet_рдкрд░реАрдХреНрд╖рд╛_рдкрд░рд┐рдгрд╛рдо # neet_ug # neetug24controversi http : //t.co/7ktnxguym0,submit an urgent hear applic to the suprem court seek list of writ petit regard neet exam irregular hope for swift action to address the concern of 24 lakh student affect by this issu . # neet_рдкрд░реАрдХреНрд╖рд╛_рдкрд░рд┐рдгрд╛рдо # neet_ug # neetug24controversi https : //t.co/7ktnxguym0,submit an urg hear apply to the suprem court seek list of writ petit regard neet exam irregul hop for swift act to address the concern of 24 lakh stud affect by thi issu . # neet_рдкрд░реАрдХреНрд╖рд╛_рдкрд░рд┐рдгрд╛рдо # neet_ug # neetug24controversy https : //t.co/7ktnxguym0,Submitted an urgent hearing application to the Supreme Court seeking listing of Writ Petition regarding NEET exam irregularity Hopeful for swift action to address the concern of 24 lakh student affected by this issue . # NEET_рдкрд░реАрдХреНрд╖рд╛_рдкрд░рд┐рдгрд╛рдо # NEET_UG # NeetUG24Controversy http : //t.co/7kTnXguym0,"submit an urgent hearing application to the Supreme Court seek list of Writ Petition regard neet exam irregularity 

 Hopeful for swift action to address the concern of 24 lakh student affect by this issue . 

 # NEET_рдкрд░реАрдХреНрд╖рд╛_рдкрд░рд┐рдгрд╛рдо # neet_ug # neetug24controversy https://t.co/7kTnXguym0"
"No Hindus #Sanatani  will pass without liking this tweet.. тЭдЁЯЪйЁЯХЙ
#NeetUG24Controversy
#OathCeremony #AUSvsENG
#RamojiRao #SAvsNED
#INDvsPAK Miller
HAPPY BIRTHDAY MANISHA RANI
#ManishaSquad #ManishaRani
#LOCKDOWN   Virat #earthquake 
#Sanatani #Hindu https://t.co/s1JVCgCZwI",no hindu # sanatani will pass without like thi tweet .. тЭдЁЯЪйЁЯХЙ # neetug24controversi # oathceremoni # ausvseng # ramojirao # savsn # indvspak miller happi birthday manisha rani # manishasquad # manisharani # lockdown virat # earthquak # sanatani # hindu http : //t.co/s1jvcgczwi,no hindus # sanatani will pass without like this tweet .. тЭдЁЯЪйЁЯХЙ # neetug24controversi # oathceremoni # ausvseng # ramojirao # savsn # indvspak miller happi birthday manisha rani # manishasquad # manisharani # lockdown virat # earthquak # sanatani # hindu https : //t.co/s1jvcgczwi,no hind # sanatan wil pass without lik thi tweet .. тЭдЁЯЪйЁЯХЙ # neetug24controversy # oathceremony # ausvseng # ramojirao # savsn # indvspak mil happy birthday manish ran # manishasquad # manisharan # lockdown vir # earthquak # sanatan # hindu https : //t.co/s1jvcgczwi,No Hindus # Sanatani will pas without liking this tweet .. тЭдЁЯЪйЁЯХЙ # NeetUG24Controversy # OathCeremony # AUSvsENG # RamojiRao # SAvsNED # INDvsPAK Miller HAPPY BIRTHDAY MANISHA RANI # ManishaSquad # ManishaRani # LOCKDOWN Virat # earthquake # Sanatani # Hindu http : //t.co/s1JVCgCZwI,"no Hindus # Sanatani   will pass without like this tweet .. тЭд ЁЯЪй ЁЯХЙ 
 # neetug24controversy 
 # OathCeremony # AUSvsENG 
 # RamojiRao # savsne 
 # INDvsPAK Miller 
 HAPPY BIRTHDAY MANISHA rani 
 # ManishaSquad # ManishaRani 
 # lockdown    Virat # earthquake 
 # sanatani # hindu https://t.co/s1jvcgczwi"
"Ab ye omr ki sheet pe questions ki speed kha se bta de rhe hai, ki Kuan questions kitne Samy me Kiya...

Every Neet aspirants - RT maxxЁЯФБ

#NEET_рдкрд░реАрдХреНрд╖рд╛_рдкрд░рд┐рдгрд╛рдо #NEET_рдкреЗрдкрд░_рд░рджреНрдж_рдХрд░реЛ 
#NeetUG24Controversy #RENEET #NeetUG24Controversy
#NEET #NEET_рдкреЗрдкрд░_рд░рджреНрдж_рдХрд░реЛ #pressrelease https://t.co/oknlOQizJ2","ab ye omr ki sheet pe question ki speed kha se bta de rhe hai , ki kuan question kitn sami me kiya ... everi neet aspir - rt maxxЁЯФБ # neet_рдкрд░реАрдХреНрд╖рд╛_рдкрд░рд┐рдгрд╛рдо # neet_рдкреЗрдкрд░_рд░рджреНрдж_рдХрд░реЛ # neetug24controversi # reneet # neetug24controversi # neet # neet_рдкреЗрдкрд░_рд░рджреНрдж_рдХрд░реЛ # pressreleas http : //t.co/oknloqizj2","ab ye omr ki sheet pe question ki speed kha se bta de rhe hai , ki kuan question kitn sami me kiya ... everi neet aspir - rt maxxЁЯФБ # neet_рдкрд░реАрдХреНрд╖рд╛_рдкрд░рд┐рдгрд╛рдо # neet_рдкреЗрдкрд░_рд░рджреНрдж_рдХрд░реЛ # neetug24controversi # reneet # neetug24controversi # neet # neet_рдкреЗрдкрд░_рд░рджреНрдж_рдХрд░реЛ # pressreleas https : //t.co/oknloqizj2","ab ye omr ki sheet pe quest ki spee kha se bta de rhe hai , ki kuan quest kitn samy me kiy ... every neet aspir - rt maxxЁЯФБ # neet_рдкрд░реАрдХреНрд╖рд╛_рдкрд░рд┐рдгрд╛рдо # neet_рдкреЗрдкрд░_рд░рджреНрдж_рдХрд░реЛ # neetug24controversy # reneet # neetug24controversy # neet # neet_рдкреЗрдкрд░_рд░рджреНрдж_рдХрд░реЛ # pressreleas https : //t.co/oknloqizj2","Ab ye omr ki sheet pe question ki speed kha se bta de rhe hai , ki Kuan question kitne Samy me Kiya ... Every Neet aspirant - RT maxxЁЯФБ # NEET_рдкрд░реАрдХреНрд╖рд╛_рдкрд░рд┐рдгрд╛рдо # NEET_рдкреЗрдкрд░_рд░рджреНрдж_рдХрд░реЛ # NeetUG24Controversy # RENEET # NeetUG24Controversy # NEET # NEET_рдкреЗрдкрд░_рд░рджреНрдж_рдХрд░реЛ # pressrelease http : //t.co/oknlOQizJ2","ab ye omr ki sheet pe question ki speed kha se bta de rhe hai , ki Kuan question kitne Samy I Kiya ... 

 every Neet aspirant - RT maxx ЁЯФБ 

 # NEET_рдкрд░реАрдХреНрд╖рд╛_рдкрд░рд┐рдгрд╛рдо # NEET_рдкреЗрдкрд░_рд░рджреНрдж_рдХрд░реЛ 
 # neetug24controversy # RENEET # neetug24controversy 
 # NEET # NEET_рдкреЗрдкрд░_рд░рджреНрдж_рдХрд░реЛ # pressrelease https://t.co/oknloqizj2"
"This is really heart wrenching !
рд╕рд░рдХрд╛рд░ рдЗрддрдиреА рдХрдордЬреЛрд░ рдХреНрдпреЛ рд▓рдЧ рд░рд╣реА?

Well ,Suicide is not a Solution!
We have a lot of Option other than MBBS for become a Doctor ..

Only Skills can make you successful! 

If you want any help, Just message me 
#NEET_рдкрд░реАрдХреНрд╖рд╛_рдкрд░рд┐рдгрд╛рдо
#NeetUG24Controversy https://t.co/BiusiFHjTj","thi is realli heart wrench ! рд╕рд░рдХрд╛рд░ рдЗрддрдиреА рдХрдордЬреЛрд░ рдХреНрдпреЛ рд▓рдЧ рд░рд╣реА ? well , suicid is not a solut ! we have a lot of option other than mbb for becom a doctor .. onli skill can make you success ! if you want ani help , just messag me # neet_рдкрд░реАрдХреНрд╖рд╛_рдкрд░рд┐рдгрд╛рдо # neetug24controversi http : //t.co/biusifhjtj","this is realli heart wrench ! рд╕рд░рдХрд╛рд░ рдЗрддрдиреА рдХрдордЬреЛрд░ рдХреНрдпреЛ рд▓рдЧ рд░рд╣реА ? well , suicid is not a solut ! we have a lot of option other than mbbs for becom a doctor .. onli skill can make you success ! if you want ani help , just messag me # neet_рдкрд░реАрдХреНрд╖рд╛_рдкрд░рд┐рдгрд╛рдо # neetug24controversi https : //t.co/biusifhjtj","thi is real heart wrench ! рд╕рд░рдХрд╛рд░ рдЗрддрдиреА рдХрдордЬреЛрд░ рдХреНрдпреЛ рд▓рдЧ рд░рд╣реА ? wel , suicid is not a solv ! we hav a lot of opt oth than mbbs for becom a doct .. on skil can mak you success ! if you want any help , just mess me # neet_рдкрд░реАрдХреНрд╖рд╛_рдкрд░рд┐рдгрд╛рдо # neetug24controversy https : //t.co/biusifhjtj","This is really heart wrenching ! рд╕рд░рдХрд╛рд░ рдЗрддрдиреА рдХрдордЬреЛрд░ рдХреНрдпреЛ рд▓рдЧ рд░рд╣реА ? Well , Suicide is not a Solution ! We have a lot of Option other than MBBS for become a Doctor .. Only Skills can make you successful ! If you want any help , Just message me # NEET_рдкрд░реАрдХреНрд╖рд╛_рдкрд░рд┐рдгрд╛рдо # NeetUG24Controversy http : //t.co/BiusiFHjTj","this be really heart wrench ! 
 рд╕рд░рдХрд╛рд░ рдЗрддрдиреА рдХрдордЬреЛрд░ рдХреНрдпреЛ рд▓рдЧ рд░рд╣реА ? 

 well , Suicide be not a solution ! 
 we have a lot of option other than MBBS for become a doctor .. 

 only skill can make you successful ! 

 if you want any help , just message I 
 # NEET_рдкрд░реАрдХреНрд╖рд╛_рдкрд░рд┐рдгрд╛рдо 
 # neetug24controversy https://t.co/BiusiFHjTj"
