Name,Department,Specialization,Profile Link
Dr  AATIKA NIZAM,CHEMISTRY,Chemistry,https://christuniversity.in/Chemistry/faculty-details/Njc4/MTc=
Dr  ABHILASH K P,PHYSICS AND ELECTRONICS,Physics,https://christuniversity.in/Physics and Electronics/faculty-details/NzExOQ==/MTg=
Dr  ABHISHEK MAJHI,PHYSICS AND ELECTRONICS,Physics,https://christuniversity.in/Physics and Electronics/faculty-details/ODQ4NQ==/MTg=
Dr  ABRAHAM V M,MATHEMATICS,Mathematics,https://christuniversity.in/Mathematics/faculty-details/MTI0/MzI=
Dr  AJESH VIJAYAN,CHEMISTRY,Organic Chemistry,https://christuniversity.in/Chemistry/faculty-details/NDQ0MA==/MTc=
Dr  AKSHITA SHARMA,STATISTICS AND DATA SCIENCE,Reliability Theory,https://christuniversity.in/statistics_and _data_science/faculty-details/NjkzMw==/OTEy
Dr  ALOK KUMAR MALAVIYA,LIFE SCIENCES,Industrial Biotechnology,https://christuniversity.in/Life Sciences/faculty-details/MjY0MA==/NjA=
ALWIN JOSEPH,DATA SCIENCE (Lavasa),Computer Science,https://christuniversity.in/Computer Science/faculty-details/NTQ3OA==/NjI=
AMALA JOHNSON,DATA SCIENCE (Lavasa),Statistics,https://christuniversity.in/Computer Science/faculty-details/NTgyNw==/NjI=
Dr  AMIT CHAUHAN,LIFE SCIENCES,Forensic Sciences,https://christuniversity.in/Life Sciences/faculty-details/NTM0NQ==/NjA=
AMRUTH P,LIFE SCIENCES,Marine Biology,https://christuniversity.in/Life Sciences/faculty-details/ODQ3MQ==/NjA=
Dr  AMRUTHA K,COMPUTER SCIENCE,Computer Science and Engineering,https://christuniversity.in/Computer Science/faculty-details/NzE0Mg==/NjI=
ANANYA MITRA,DATA SCIENCE (Lavasa),Data Analytics,https://christuniversity.in/Computer Science/faculty-details/ODYyNw==/NjI=
Dr  ANILA E I,PHYSICS AND ELECTRONICS,Physics,https://christuniversity.in/Physics and Electronics/faculty-details/NDc1Mw==/MTg=
Dr  ANILA ROSE CHERIAN,CHEMISTRY,Chemistry,https://christuniversity.in/Chemistry/faculty-details/NjkxNg==/MTc=
Dr  ANISH NAG,LIFE SCIENCES,Cell Biology and Genetic Toxicology,https://christuniversity.in/Life Sciences/faculty-details/MjkxMw==/NjA=
Dr  ANITA H B,COMPUTER SCIENCE,Computer Science,https://christuniversity.in/Computer Science/faculty-details/NDY=/NjI=
Dr  ANITHA VARGHESE,CHEMISTRY,Chemistry,https://christuniversity.in/Chemistry/faculty-details/MjA0/MTc=
ANUBIN BINOY,DATA SCIENCE (Lavasa),Computer Science,https://christuniversity.in/Computer Science/faculty-details/NzA3MQ==/NjI=
ANUPAMA B NAGARALE,COMPUTER SCIENCE,Data Analytics,https://christuniversity.in/Computer Science/faculty-details/ODUwMw==/NjI=
ANURESHA KRISHNA,STATISTICS AND DATA SCIENCE,Statistics,https://christuniversity.in/statistics_and _data_science/faculty-details/NzM5NQ==/OTEy
ANUSHA JAMES,COMPUTER SCIENCE (YESHWANTHPUR),Dependent stress-strength  reliability,https://christuniversity.in/Computer Science/faculty-details/ODUwOA==/ODA0
Dr  APASH ROY,STATISTICS AND DATA SCIENCE,Computer Science and Application,https://christuniversity.in/statistics_and _data_science/faculty-details/NzM4NA==/OTEy
Dr  ARJUN RAO I,LIFE SCIENCES,Anthropology,https://christuniversity.in/Life Sciences/faculty-details/NTk5MQ==/NjA=
Dr  AROKIA PAUL RAJAN R,COMPUTER SCIENCE,Computer Science and Engineering,https://christuniversity.in/Computer Science/faculty-details/MjQ1Ng==/NjI=
Dr  ARULPANDY P,MATHEMATICS (YESHWANTHPUR),Topology And Image Processing,https://christuniversity.in/Mathematics/faculty-details/NTk4Ng==/ODAy
Dr  ARUN K B,LIFE SCIENCES,"Colon cancer, Probiotics, Dietary Fibre",https://christuniversity.in/Life Sciences/faculty-details/NjEzNw==/NjA=
Dr  ARUN KUMAR N,MATHEMATICS,Mathematics,https://christuniversity.in/Mathematics/faculty-details/NzE4/MzI=
Dr  ASHA ANAND,LIFE SCIENCES,Biotechnology,https://christuniversity.in/Life Sciences/faculty-details/NzM0Nw==/NjA=
Dr  ASHAQ HUSSAIN GANIE,DATA SCIENCE (Lavasa),Economics,https://christuniversity.in/Computer Science/faculty-details/NjI4Mg==/NjI=
Dr  ASHOK IMMANUEL V,COMPUTER SCIENCE,Computer Science,https://christuniversity.in/Computer Science/faculty-details/MTYz/NjI=
Dr  ASHOKA K,MATHEMATICS,Graph Theory,https://christuniversity.in/Mathematics/faculty-details/NjUyOQ==/MzI=
Dr  ASHOKA N V,PHYSICS AND ELECTRONICS,Physics,https://christuniversity.in/Physics and Electronics/faculty-details/OTA=/MTg=
Dr  ASIF TARIQ,DATA SCIENCE (Lavasa),Economics,https://christuniversity.in/Computer Science/faculty-details/ODIzNQ==/NjI=
AVICHAL SHARMA,DATA SCIENCE (Lavasa),Economics,https://christuniversity.in/Computer Science/faculty-details/NjY4Ng==/NjI=
Dr  AVIJIT KUMAR DAS,CHEMISTRY,Organic Chemistry,https://christuniversity.in/Chemistry/faculty-details/NTM3MQ==/MTc=
AYANA SHAJI,DATA SCIENCE (Lavasa),Statistics,https://christuniversity.in/Computer Science/faculty-details/NjI2NA==/NjI=
Dr  AZARUDHEEN S,STATISTICS AND DATA SCIENCE,Statistics,https://christuniversity.in/statistics_and _data_science/faculty-details/Mjk5Nw==/OTEy
Dr  BABITHA,MATHEMATICS (YESHWANTHPUR),Fluid Mechanics,https://christuniversity.in/Mathematics/faculty-details/Njg4NA==/ODAy
Dr  BALAKRISHNAN C,COMPUTER SCIENCE (YESHWANTHPUR),Computer Science,https://christuniversity.in/Computer Science/faculty-details/NjI1Nw==/ODA0
Dr  BEAULAH SOUNDARABAI P,COMPUTER SCIENCE,Computer Science,https://christuniversity.in/Computer Science/faculty-details/MTEx/NjI=
Dr  BENNY SEBASTIAN,PHYSICS AND ELECTRONICS,Physics,https://christuniversity.in/Physics and Electronics/faculty-details/ODg=/MTg=
Dr  BENNY THOMAS,COMPUTER SCIENCE (YESHWANTHPUR),Education,https://christuniversity.in/Computer Science/faculty-details/MzQz/ODA0
Dr  BHUVANA JAYABALAN,COMPUTER SCIENCE,Computer Science,https://christuniversity.in/Computer Science/faculty-details/ODQzNA==/NjI=
BIJESH THOMAS,DATA SCIENCE (Lavasa),Data analytics,https://christuniversity.in/Computer Science/faculty-details/NzIxMA==/NjI=
Dr  BILJO V JOSEPH,LIFE SCIENCES,Biotechnology,https://christuniversity.in/Life Sciences/faculty-details/MTQxMg==/NjA=
Dr  BINCY CYRIAC,CHEMISTRY,Analytical Chemistry,https://christuniversity.in/Chemistry/faculty-details/NjM1OA==/MTc=
Dr  BLESSON MATHEW,PHYSICS AND ELECTRONICS,Astrophysics,https://christuniversity.in/Physics and Electronics/faculty-details/MjYxOQ==/MTg=
Dr  BUBBLY S G,PHYSICS AND ELECTRONICS,Physics,https://christuniversity.in/Physics and Electronics/faculty-details/Mjkw/MTg=
Dr  CECIL DONALD A,COMPUTER SCIENCE,Computer Science,https://christuniversity.in/Computer Science/faculty-details/NTI2Mw==/NjI=
Dr  CHANDRA J,COMPUTER SCIENCE,Computer Science,https://christuniversity.in/Computer Science/faculty-details/MTgz/NjI=
CHANDRASEKHARAN K A,PHYSICS AND ELECTRONICS,Physics (Electronics),https://christuniversity.in/Physics and Electronics/faculty-details/ODYx/MTg=
Dr  CHANTI S,COMPUTER SCIENCE,Information Security,https://christuniversity.in/Computer Science/faculty-details/ODQzMQ==/NjI=
Dr  CHARLES DOMINIC,MATHEMATICS,Mathematics,https://christuniversity.in/Mathematics/faculty-details/MjkxNw==/MzI=
Dr  CHETAN MALAGAVI,STATISTICS AND DATA SCIENCE,Statistical Quality Control,https://christuniversity.in/statistics_and _data_science/faculty-details/ODQ5Mw==/OTEy
CYNTHIA C,COMPUTER SCIENCE,Machine Learning,https://christuniversity.in/Computer Science/faculty-details/ODY2NQ==/NjI=
Dr  CYNTHIA T,COMPUTER SCIENCE,Computer Science,https://christuniversity.in/Computer Science/faculty-details/NjgzOQ==/NjI=
Dr  DALVIN VINOTH KUMAR A,STATISTICS AND DATA SCIENCE,Computer Science,https://christuniversity.in/statistics_and _data_science/faculty-details/NTg2Nw==/OTEy
Dr  DAVID CHRIS RAJU,STATISTICS AND DATA SCIENCE,Statistics,https://christuniversity.in/statistics_and _data_science/faculty-details/NjgzNg==/OTEy
Dr  DEBABRATA SAMANTA,COMPUTER SCIENCE,SAR Image Processing,https://christuniversity.in/Computer Science/faculty-details/MzIwNQ==/NjI=
Dr  DEEPA M,PHYSICS AND ELECTRONICS,Materials Science,https://christuniversity.in/Physics and Electronics/faculty-details/NjM0NA==/MTg=
Dr  DEEPA S,COMPUTER SCIENCE (YESHWANTHPUR),Computer Science,https://christuniversity.in/Computer Science/faculty-details/NjE5MA==/ODA0
Dr  DEEPA V JOSE,COMPUTER SCIENCE,Computer Science,https://christuniversity.in/Computer Science/faculty-details/MTc4/NjI=
Dr  DEEPTHI DAS,STATISTICS AND DATA SCIENCE,Computer Science,https://christuniversity.in/statistics_and _data_science/faculty-details/Mzgx/OTEy
Dr  DEPHAN PINHEIRO,CHEMISTRY,Chemistry,https://christuniversity.in/Chemistry/faculty-details/MTI1/MTc=
Dr  DHANEESH K V,LIFE SCIENCES,Marine Biology and Oceanography,https://christuniversity.in/Life Sciences/faculty-details/NjkzMQ==/NjA=
Dr  DIBU A S,STATISTICS AND DATA SCIENCE,Applied Probability and Insurer's Risk,https://christuniversity.in/statistics_and _data_science/faculty-details/NTE2Nw==/OTEy
Dr  DITTO ABRAHAM THADATHIL,CHEMISTRY,Chemistry,https://christuniversity.in/Chemistry/faculty-details/ODUzMw==/MTc=
Dr  ELLUMKALAYIL MERLIN THOMAS,MATHEMATICS (YESHWANTHPUR),Mathematics,https://christuniversity.in/Mathematics/faculty-details/NjM5NA==/ODAy
Dr  FABIOLA HAZEL POHRMEN,COMPUTER SCIENCE,Information Technology,https://christuniversity.in/Computer Science/faculty-details/NjgzOA==/NjI=
Dr  GAYATHRY S WARRIER,COMPUTER SCIENCE (YESHWANTHPUR),Computer Science and Engineering,https://christuniversity.in/Computer Science/faculty-details/Njg3MA==/ODA0
Dr  GEORGE THOMAS C,PHYSICS AND ELECTRONICS,Super Conductivity,https://christuniversity.in/Physics and Electronics/faculty-details/Njc=/MTg=
Dr  GOBI R,COMPUTER SCIENCE,Computer Science,https://christuniversity.in/Computer Science/faculty-details/Mjc0MQ==/NjI=
Dr  GOBINATH R,COMPUTER SCIENCE (YESHWANTHPUR),Data Mining ( Computer Science),https://christuniversity.in/Computer Science/faculty-details/NTkzMQ==/ODA0
Dr  GUNAVATHI R,DATA SCIENCE (Lavasa),Computer Science,https://christuniversity.in/Computer Science/faculty-details/NDk4Mw==/NjI=
Dr  GURUMURTHY HEGDE,CHEMISTRY,Photoinduced Effects on Liquid Crystals,https://christuniversity.in/Chemistry/faculty-details/NTQxNA==/MTc=
Dr  HARI BHASKAR R,MATHEMATICS,Mathematics,https://christuniversity.in/Mathematics/faculty-details/MTA2/MzI=
Dr  HELEN K JOY,COMPUTER SCIENCE,Electronics and Communication Engineering,https://christuniversity.in/Computer Science/faculty-details/NjgzNQ==/NjI=
Dr  HEMANTH K S,COMPUTER SCIENCE (YESHWANTHPUR),Data Mining and Knowledge Discovery,https://christuniversity.in/Computer Science/faculty-details/ODU1Ng==/ODA0
Dr  HEMLATA JOSHI,STATISTICS AND DATA SCIENCE,Mathematical Demography,https://christuniversity.in/statistics_and _data_science/faculty-details/NDMxMw==/OTEy
Dr  HEPZIBA MAGIE JESSIMA S J,CHEMISTRY,Chemistry,https://christuniversity.in/Chemistry/faculty-details/MzEz/MTc=
Dr  HUBERT SHANTHAN,COMPUTER SCIENCE,Computer Science,https://christuniversity.in/Computer Science/faculty-details/NzA3Mw==/NjI=
Dr  IMRAN JAFRI R,PHYSICS AND ELECTRONICS,Physics,https://christuniversity.in/Physics and Electronics/faculty-details/Mjg5OA==/MTg=
Dr  JAMES JOSEPH,MATHEMATICS,Graph Theory,https://christuniversity.in/Mathematics/faculty-details/ODUzNw==/MzI=
Dr  JAYADURGA R,COMPUTER SCIENCE (YESHWANTHPUR),Computer Science,https://christuniversity.in/Computer Science/faculty-details/NzEyMw==/ODA0
Dr  JAYAPRIYA J,COMPUTER SCIENCE (YESHWANTHPUR),Computer Applications,https://christuniversity.in/Computer Science/faculty-details/NjI3NA==/ODA0
Dr  JEEVANAND E S,STATISTICS AND DATA SCIENCE,Bayesian Inference in Exponential and Pareto Popul,https://christuniversity.in/statistics_and _data_science/faculty-details/ODQxNg==/OTEy
Dr  JIBRAEL JOS,DATA SCIENCE (Lavasa),Computer Science,https://christuniversity.in/Computer Science/faculty-details/NTE5Mw==/NjI=
Dr  JIJU GILLARIOSE,STATISTICS AND DATA SCIENCE,Statistics,https://christuniversity.in/statistics_and _data_science/faculty-details/NTMyMg==/OTEy
JINNY ANN JOHN,MATHEMATICS,NUMERICAL ANALYSIS,https://christuniversity.in/Mathematics/faculty-details/ODU0Mg==/MzI=
Dr  JISHA MARY THOMAS,CHEMISTRY,ORGANOMETALLICS,https://christuniversity.in/Chemistry/faculty-details/ODQwNA==/MTc=
Dr  JITHESH V,PHYSICS AND ELECTRONICS,Physics,https://christuniversity.in/Physics and Electronics/faculty-details/NjA4OQ==/MTg=
Dr  JOBI XAVIER,LIFE SCIENCES,Botany,https://christuniversity.in/Life Sciences/faculty-details/MTIxMg==/NjA=
Dr  JOBIN FRANCIS,COMPUTER SCIENCE,Signal Processing,https://christuniversity.in/Computer Science/faculty-details/ODQyMw==/NjI=
Dr  JOEL JOSE,LIFE SCIENCES,Botany,https://christuniversity.in/Life Sciences/faculty-details/NjgxNw==/NjA=
Dr  JOHAN KOK,MATHEMATICS,Applied Mathematics,https://christuniversity.in/Mathematics/faculty-details/NDM4Mg==/MzI=
Dr  JOHN KASPAR A,MATHEMATICS,Mathematics,https://christuniversity.in/Mathematics/faculty-details/NjgzNA==/MzI=
Dr  JOHNY JOSEPH,LIFE SCIENCES,Botany,https://christuniversity.in/Life Sciences/faculty-details/Mjg2/NjA=
Dr  JOSEPH K S,LIFE SCIENCES,Botany,https://christuniversity.in/Life Sciences/faculty-details/Mjg0MQ==/NjA=
Dr  JOSEPH T V,MATHEMATICS,Fluid Mechanics,https://christuniversity.in/Mathematics/faculty-details/NzQ=/MzI=
Dr  JOSEPH VARGHESE,MATHEMATICS,Decompositions in Graphs,https://christuniversity.in/Mathematics/faculty-details/MTY2/MzI=
Dr  JOY PAULOSE,COMPUTER SCIENCE,Computer Science,https://christuniversity.in/Computer Science/faculty-details/Mjg0/NjI=
Dr  JOYDEEP BAGCHI,PHYSICS AND ELECTRONICS,Astrophysics,https://christuniversity.in/Physics and Electronics/faculty-details/NDg0Nw==/MTg=
Dr  JULIET ROZARIO,COMPUTER SCIENCE (YESHWANTHPUR),DATA MINING,https://christuniversity.in/Computer Science/faculty-details/ODQ0NA==/ODA0
JUSTIN P VARGHESE,DATA SCIENCE (Lavasa),Computer Science,https://christuniversity.in/Computer Science/faculty-details/NDM3NQ==/NjI=
KALAIVANI S,STATISTICS AND DATA SCIENCE,Statistics,https://christuniversity.in/statistics_and _data_science/faculty-details/ODMzNg==/OTEy
KALEESWARI J,COMPUTER SCIENCE,Csc,https://christuniversity.in/Computer Science/faculty-details/ODI3Mw==/NjI=
Dr  KALPANA P,COMPUTER SCIENCE (YESHWANTHPUR),Computer Science,https://christuniversity.in/Computer Science/faculty-details/NTkyNg==/ODA0
Dr  KANNAN M,COMPUTER SCIENCE (YESHWANTHPUR),Machine Learning,https://christuniversity.in/Computer Science/faculty-details/ODUxNw==/ODA0
Dr  KAVITHA R,COMPUTER SCIENCE,Computer Science,https://christuniversity.in/Computer Science/faculty-details/MzEx/NjI=
Dr  KAVITHA S,COMPUTER SCIENCE (YESHWANTHPUR),Computer Science,https://christuniversity.in/Computer Science/faculty-details/ODUyMQ==/ODA0
Dr  KENATH ARUN,PHYSICS AND ELECTRONICS,Astrophysics,https://christuniversity.in/Physics and Electronics/faculty-details/NTE0MQ==/MTg=
Dr  KIRUBANAND V B,COMPUTER SCIENCE,Computer Applications,https://christuniversity.in/Computer Science/faculty-details/MjIxMw==/NjI=
Dr  KOKILAVANI T,COMPUTER SCIENCE (YESHWANTHPUR),Computer Science,https://christuniversity.in/Computer Science/faculty-details/Njg0NA==/ODA0
Dr  KOPPADA UMA SHANKAR,LIFE SCIENCES,biotechnology,https://christuniversity.in/Life Sciences/faculty-details/ODM4NQ==/NjA=
Dr  KOWSHIK KUKKEMANE,LIFE SCIENCES,Neurobiology,https://christuniversity.in/Life Sciences/faculty-details/NjkyOA==/NjA=
Dr  KRISHNA KUMAR M,PHYSICS AND ELECTRONICS,Physics,https://christuniversity.in/Physics and Electronics/faculty-details/NjYzMQ==/MTg=
Dr  KRISHNAKUMAR V,LIFE SCIENCES,Zoology,https://christuniversity.in/Life Sciences/faculty-details/MjI0Nw==/NjA=
Dr  LAXMI BASAPPA DHARMANNAVAR,STATISTICS AND DATA SCIENCE (YESHWANTHPUR),Staistics,https://christuniversity.in/statistics_and _data_science/faculty-details/NjIwMA==/ODEw
Dr  LEKHA J,DATA SCIENCE (Lavasa),Cyber Security,https://christuniversity.in/Computer Science/faculty-details/NjE2Nw==/NjI=
Dr  LETCY V THERESA,CHEMISTRY,Organic Chemistry,https://christuniversity.in/Chemistry/faculty-details/ODQwNQ==/MTc=
Dr  LEVNA CHACKO,PHYSICS AND ELECTRONICS,Physics,https://christuniversity.in/Physics and Electronics/faculty-details/NDc0OQ==/MTg=
Dr  LIAN MATHEW,DATA SCIENCE (Lavasa),Mathematics,https://christuniversity.in/Computer Science/faculty-details/NjQ1OA==/NjI=
Dr  LIBIN CHACKO SAMUEL,DATA SCIENCE (Lavasa),Mathematics,https://christuniversity.in/Computer Science/faculty-details/NTI5OA==/NjI=
Dr  LIJA JACOB,DATA SCIENCE (Lavasa),Computer Science,https://christuniversity.in/Computer Science/faculty-details/NDk4MA==/NjI=
LOGESHWARAN J,COMPUTER SCIENCE,Communication Systems,https://christuniversity.in/Computer Science/faculty-details/ODYzNg==/NjI=
Dr  LOVELINE ZEEMA J,COMPUTER SCIENCE (YESHWANTHPUR),Computer Science,https://christuniversity.in/Computer Science/faculty-details/NTk0NQ==/ODA0
Dr  MAHALAKSHMI J,COMPUTER SCIENCE (YESHWANTHPUR),Computer Science,https://christuniversity.in/Computer Science/faculty-details/Njg1Nw==/ODA0
Dr  MAHANTHESH B,MATHEMATICS,Mathematics,https://christuniversity.in/Mathematics/faculty-details/MjI1Mw==/MzI=
Dr  MAJESH TOMSON,LIFE SCIENCES,Entomology,https://christuniversity.in/Life Sciences/faculty-details/NDY5Mw==/NjA=
Dr  MANASA N KULKARNI,COMPUTER SCIENCE,Computer Science,https://christuniversity.in/Computer Science/faculty-details/ODM5Mg==/NjI=
Dr  MANIKANTAN P,LIFE SCIENCES,Human Molecular Genetics,https://christuniversity.in/Life Sciences/faculty-details/MjkyNw==/NjA=
Dr  MANIMEKALA B,COMPUTER SCIENCE (YESHWANTHPUR),Computer Science,https://christuniversity.in/Computer Science/faculty-details/ODU2OA==/ODA0
Dr  MANJESH M,LIFE SCIENCES,vegetable crops,https://christuniversity.in/Life Sciences/faculty-details/ODU5OQ==/NjA=
Dr  MANJUNATHA B T,LIFE SCIENCES,Botany,https://christuniversity.in/Life Sciences/faculty-details/Mjgy/NjA=
Dr  MANJUNATHA HIREMATH,COMPUTER SCIENCE,Computer Science,https://christuniversity.in/Computer Science/faculty-details/MjIyNA==/NjI=
Dr  MANOJ B,PHYSICS AND ELECTRONICS,Physics,https://christuniversity.in/Physics and Electronics/faculty-details/MTc1/MTg=
Dr  MANOJ B,CHEMISTRY,Chemistry,https://christuniversity.in/Chemistry/faculty-details/ODQwMQ==/MTc=
Dr  MANU M JOSEPH,LIFE SCIENCES,Biochemistry,https://christuniversity.in/Life Sciences/faculty-details/NzM0Mw==/NjA=
Dr  MARGARET SAVITHA P,COMPUTER SCIENCE (YESHWANTHPUR),Artificial Intelligence,https://christuniversity.in/Computer Science/faculty-details/ODM4NA==/ODA0
MARYKRIPA MATHEW,STATISTICS AND DATA SCIENCE,Statistics,https://christuniversity.in/statistics_and _data_science/faculty-details/ODYxMA==/OTEy
Dr  MAXMILLAN MARTIN,LIFE SCIENCES,Climate Change,https://christuniversity.in/Life Sciences/faculty-details/ODI1OA==/NjA=
Dr  MAYAMMA JOSEPH,MATHEMATICS,Mathematics,https://christuniversity.in/Mathematics/faculty-details/ODM=/MzI=
Dr  MERIN JOSE,MATHEMATICS,Fuzzy topology,https://christuniversity.in/Mathematics/faculty-details/ODM5MA==/MzI=
MILAN CHAKRABORTY,DATA SCIENCE (Lavasa),Mathematics,https://christuniversity.in/Computer Science/faculty-details/ODYzNA==/NjI=
Dr  MINI JAYAN,STATISTICS AND DATA SCIENCE,Biostatistics,https://christuniversity.in/statistics_and _data_science/faculty-details/NjA3NQ==/OTEy
MITHALI S KUMAR,STATISTICS AND DATA SCIENCE,Statistics,https://christuniversity.in/statistics_and _data_science/faculty-details/NzM2Ng==/OTEy
Dr  MITHUN THUDIYANGAL,PHYSICS AND ELECTRONICS,Physics,https://christuniversity.in/Physics and Electronics/faculty-details/ODU2Ng==/MTg=
Dr  MOHANA PRIYA T,COMPUTER SCIENCE,Machine Learning,https://christuniversity.in/Computer Science/faculty-details/NjA0Ng==/NjI=
Dr  MONISHA SINGH,STATISTICS AND DATA SCIENCE,Computer Science,https://christuniversity.in/statistics_and _data_science/faculty-details/MjE3/OTEy
Dr  MRIDUL UMESH,LIFE SCIENCES,Bioplastic Production,https://christuniversity.in/Life Sciences/faculty-details/MjkzNQ==/NjA=
Dr  MUKUND N NARAGUND,PHYSICS AND ELECTRONICS,Electronics,https://christuniversity.in/Physics and Electronics/faculty-details/MTE5/MTg=
Dr  NAINESH KANTILAL PATEL,PHYSICS AND ELECTRONICS,Physics,https://christuniversity.in/Physics and Electronics/faculty-details/NTA3NA==/MTg=
NAIVED GEORGE EAPEN,DATA SCIENCE (Lavasa),Computer Science,https://christuniversity.in/Computer Science/faculty-details/NTI5OQ==/NjI=
Dr  NANJE GOWDA N M,CHEMISTRY,Chemistry,https://christuniversity.in/Chemistry/faculty-details/MzMzMQ==/MTc=
Dr  NEHA SINGHAL,COMPUTER SCIENCE,Computer Application,https://christuniversity.in/Computer Science/faculty-details/NzM0NA==/NjI=
Dr  NEW BEGIN M,COMPUTER SCIENCE,WIRELESS SENSOR NETWORKS,https://christuniversity.in/Computer Science/faculty-details/ODQ2Mw==/NjI=
Dr  NIDHIN M,CHEMISTRY,Chemistry,https://christuniversity.in/Chemistry/faculty-details/Mjc1Ng==/MTc=
Dr  NIMITHA JOHN,STATISTICS AND DATA SCIENCE,Models for Co Integrating Time Series,https://christuniversity.in/statistics_and _data_science/faculty-details/Mjk1OQ==/OTEy
Dr  NISHA VARGHESE,COMPUTER SCIENCE,Computer Science,https://christuniversity.in/Computer Science/faculty-details/NjgyNQ==/NjI=
Dr  NISMON RIO R,COMPUTER SCIENCE,Computer Science,https://christuniversity.in/Computer Science/faculty-details/MzIxNQ==/NjI=
Dr  NIZAR BANU P K,COMPUTER SCIENCE,Computer Science,https://christuniversity.in/Computer Science/faculty-details/MjQ1Nw==/NjI=
Dr  PAARI K A,LIFE SCIENCES,Biotechnology,https://christuniversity.in/Life Sciences/faculty-details/MjQ4Ng==/NjA=
Dr  PARADESI TABITHA RAJASHEKAR,MATHEMATICS,Mathematics,https://christuniversity.in/Mathematics/faculty-details/MjE4Ng==/MzI=
Dr  PARTHA KUMBHAKAR,PHYSICS AND ELECTRONICS,Physics,https://christuniversity.in/Physics and Electronics/faculty-details/NjYxOQ==/MTg=
Dr  PETER AUGUSTIN D,COMPUTER SCIENCE,Computer Science,https://christuniversity.in/Computer Science/faculty-details/MTUw/NjI=
Dr  PRABU P,COMPUTER SCIENCE,Agile Methodologies,https://christuniversity.in/Computer Science/faculty-details/MjIyMQ==/NjI=
Dr  PRADEEP G SIDDHESHWAR,MATHEMATICS,Fluid Mechanics,https://christuniversity.in/Mathematics/faculty-details/NDY3OA==/MzI=
Dr  PRAMILA R M,DATA SCIENCE (Lavasa),Computer Science,https://christuniversity.in/Computer Science/faculty-details/NDc0MQ==/NjI=
Dr  PRANESH S,MATHEMATICS,Fluid Mechanics,https://christuniversity.in/Mathematics/faculty-details/ODY=/MzI=
Dr  PRASAD PRALHAD PUJAR,CHEMISTRY,Chemistry Of Indian medical plants,https://christuniversity.in/Chemistry/faculty-details/MTM3NQ==/MTc=
Dr  PRAVALIKHA G B,LIFE SCIENCES,ZOOLOGY,https://christuniversity.in/Life Sciences/faculty-details/ODUzOA==/NjA=
Dr  PRAVEEN N,LIFE SCIENCES,Botany,https://christuniversity.in/Life Sciences/faculty-details/MTY2MA==/NjA=
Dr  PRIYA STELLA MARY I,COMPUTER SCIENCE (YESHWANTHPUR),Computer Science,https://christuniversity.in/Computer Science/faculty-details/ODM4MA==/ODA0
Dr  PUNDIKALA VEERESHA,MATHEMATICS,Mathematics,https://christuniversity.in/Mathematics/faculty-details/NDg2NA==/MzI=
Dr  PUNEETH V,MATHEMATICS,Mathematics,https://christuniversity.in/Mathematics/faculty-details/NTgzNw==/MzI=
Dr  RADHALAKSHMI K N,STATISTICS AND DATA SCIENCE,Distribution Theory,https://christuniversity.in/statistics_and _data_science/faculty-details/ODYxMg==/OTEy
Dr  RAJESH KANNA R,COMPUTER SCIENCE,Computer Science,https://christuniversity.in/Computer Science/faculty-details/NTkzNg==/NjI=
Dr  RAJESH R,STATISTICS AND DATA SCIENCE,Computer Science,https://christuniversity.in/statistics_and _data_science/faculty-details/Mjg1OA==/OTEy
Dr  RAJU RAMAKRISHNA GONDKAR,COMPUTER SCIENCE (YESHWANTHPUR),Technology Management,https://christuniversity.in/Computer Science/faculty-details/NTk4NQ==/ODA0
Dr  RAMAMURTHY B,COMPUTER SCIENCE,Computer Science,https://christuniversity.in/Computer Science/faculty-details/MjIzNA==/NjI=
Dr  RAMESH KUMAR,DATA SCIENCE (Lavasa),Statistics,https://christuniversity.in/Computer Science/faculty-details/NjcyMg==/NjI=
Dr  RAMKUMAR S,COMPUTER SCIENCE (YESHWANTHPUR),Computer Science,https://christuniversity.in/Computer Science/faculty-details/NTg0NA==/ODA0
Dr  RANJANI MURUGESAN,STATISTICS AND DATA SCIENCE,Statistics,https://christuniversity.in/statistics_and _data_science/faculty-details/Njg1MQ==/OTEy
Dr  RASHMI S,COMPUTER SCIENCE (YESHWANTHPUR),Natural Language Processing,https://christuniversity.in/Computer Science/faculty-details/ODUyMg==/ODA0
Dr  RAVICHANDRAN S,PHYSICS AND ELECTRONICS,Physics,https://christuniversity.in/Physics and Electronics/faculty-details/MTMw/MTg=
Dr  RAVINDRA G,MATHEMATICS,Mathematics (Graph Theory),https://christuniversity.in/Mathematics/faculty-details/MzMzMg==/MzI=
Dr  RESMI K R,COMPUTER SCIENCE,Computer Science,https://christuniversity.in/Computer Science/faculty-details/NjYwMQ==/NjI=
Dr  RIYA DATTA,CHEMISTRY,Chemistry,https://christuniversity.in/Chemistry/faculty-details/NDU0/MTc=
Dr  ROHAN PASCAL FERNANDES,PHYSICS AND ELECTRONICS,Physics,https://christuniversity.in/Physics and Electronics/faculty-details/NDgwNg==/MTg=
Dr  ROHINI V,COMPUTER SCIENCE,Computer Science,https://christuniversity.in/Computer Science/faculty-details/MTk2/NjI=
Dr  ROHITH RAJA M,MATHEMATICS (YESHWANTHPUR),Mathematics,https://christuniversity.in/Mathematics/faculty-details/NzQ0Mg==/ODAy
ROSELINE MARY R,COMPUTER SCIENCE,Master of Computer Application,https://christuniversity.in/Computer Science/faculty-details/MjEw/NjI=
Dr  RUCHI SINGH PARIHAR,STATISTICS AND DATA SCIENCE,"Data Analysis,Statistical Modeling,Mathematic Mode",https://christuniversity.in/statistics_and _data_science/faculty-details/ODY3Nw==/OTEy
Dr  RUPALI NAINESH PATEL,PHYSICS AND ELECTRONICS,Solar and Hydrogen energy,https://christuniversity.in/Physics and Electronics/faculty-details/NjMxOQ==/MTg=
Dr  RUPALI SUNIL WAGH,STATISTICS AND DATA SCIENCE,Computer Science,https://christuniversity.in/statistics_and _data_science/faculty-details/MjM3/OTEy
Dr  SABU THOMAS,PHYSICS AND ELECTRONICS,Engineering,https://christuniversity.in/Physics and Electronics/faculty-details/ODY4NQ==/MTg=
Dr  SAGAYA AURELIA P,COMPUTER SCIENCE,Computer Science and Engineering,https://christuniversity.in/Computer Science/faculty-details/MjkyOQ==/NjI=
Dr  SAILAJA KUMAR K,COMPUTER SCIENCE (YESHWANTHPUR),Computer Applications,https://christuniversity.in/Computer Science/faculty-details/ODY2Nw==/ODA0
Dr  SALEEMA J S,STATISTICS AND DATA SCIENCE,Computer Science,https://christuniversity.in/statistics_and _data_science/faculty-details/MTY0/OTEy
SALVE MARGARET JOSEPH,DATA SCIENCE (Lavasa),Computer Science,https://christuniversity.in/Computer Science/faculty-details/ODYyMw==/NjI=
Dr  SANDEEP J,COMPUTER SCIENCE,Computer Science,https://christuniversity.in/Computer Science/faculty-details/MTkzMw==/NjI=
Dr  SANDHEEP P N,LIFE SCIENCES,Questioned Documents,https://christuniversity.in/Life Sciences/faculty-details/ODU0Mw==/NjA=
SANDHIYA B,COMPUTER SCIENCE,MEDICAL IMAGE PROCESSING,https://christuniversity.in/Computer Science/faculty-details/ODYwNQ==/NjI=
Dr  SANGEETHA G,COMPUTER SCIENCE,Computer Science,https://christuniversity.in/Computer Science/faculty-details/Njk5OQ==/NjI=
Dr  SANGEETHA SHATHISH,MATHEMATICS,Mathematics,https://christuniversity.in/Mathematics/faculty-details/MTg3NA==/MzI=
Dr  SANKARGANESH ARUNACHALAM,LIFE SCIENCES,Medical Science,https://christuniversity.in/Life Sciences/faculty-details/NjkzNg==/NjA=
Dr  SANKESHWAR N S,PHYSICS AND ELECTRONICS,Solid State Physics,https://christuniversity.in/Physics and Electronics/faculty-details/MjI4OQ==/MTg=
Dr  SARAVANAKUMAR K,COMPUTER SCIENCE,Computer Science,https://christuniversity.in/Computer Science/faculty-details/Njgw/NjI=
Dr  SARAVANAN K N,COMPUTER SCIENCE,Computer Science,https://christuniversity.in/Computer Science/faculty-details/MTQ5/NjI=
Dr  SATHYA P,STATISTICS AND DATA SCIENCE,Computer Science,https://christuniversity.in/statistics_and _data_science/faculty-details/NzAzOQ==/OTEy
Dr  SAVITHRI M,DATA SCIENCE (Lavasa),Network Security,https://christuniversity.in/Computer Science/faculty-details/NzEwMA==/NjI=
Dr  SAYANTAN D,LIFE SCIENCES,Botany,https://christuniversity.in/Life Sciences/faculty-details/MjE4Mw==/NjA=
Dr  SENTHIL VADIVU M,STATISTICS AND DATA SCIENCE,Computer Science,https://christuniversity.in/statistics_and _data_science/faculty-details/NzM5Mw==/OTEy
SHARMILA B,COMPUTER SCIENCE,Computer Science and Applications,https://christuniversity.in/Computer Science/faculty-details/ODUwMQ==/NjI=
Dr  SHESHAYYA A CHOUDUM,MATHEMATICS,Graph Theory,https://christuniversity.in/Mathematics/faculty-details/MzMzMw==/MzI=
Dr  SHIKHAR TYAGI,STATISTICS AND DATA SCIENCE (YESHWANTHPUR),Statistics,https://christuniversity.in/statistics_and _data_science/faculty-details/NjM1Nw==/ODEw
Dr  SHIVAPPA B GUDENNAVAR,PHYSICS AND ELECTRONICS,Nuclear Physics,https://christuniversity.in/Physics and Electronics/faculty-details/NDg0/MTg=
Dr  SHONEY SEBASTIAN,COMPUTER SCIENCE,Computer Science,https://christuniversity.in/Computer Science/faculty-details/MjY0/NjI=
Dr  SINDHU V,COMPUTER SCIENCE (YESHWANTHPUR),Computer Science,https://christuniversity.in/Computer Science/faculty-details/NjkwMA==/ODA0
Dr  SIVA BALAN R V,COMPUTER SCIENCE (YESHWANTHPUR),Computer Applications,https://christuniversity.in/Computer Science/faculty-details/NTkzNA==/ODA0
Dr  SIVAKUMAR R,STATISTICS AND DATA SCIENCE,Science & Humanities (computer applications),https://christuniversity.in/statistics_and _data_science/faculty-details/MjQ3Nw==/OTEy
Dr  SMERA C,COMPUTER SCIENCE,Computer Science,https://christuniversity.in/Computer Science/faculty-details/NzE0Mw==/NjI=
Dr  SMITA SAKLESH NAGOUDA,MATHEMATICS,Mathematics,https://christuniversity.in/Mathematics/faculty-details/MTc5/MzI=
Dr  SMITHA VINOD,COMPUTER SCIENCE,Computer Science,https://christuniversity.in/Computer Science/faculty-details/MzA1/NjI=
Dr  SMRITY PRASAD,STATISTICS AND DATA SCIENCE,Image Processing,https://christuniversity.in/statistics_and _data_science/faculty-details/NzMzNw==/OTEy
Dr  SOBIN MATHEW,CHEMISTRY,electrochemistry,https://christuniversity.in/Chemistry/faculty-details/ODQwMg==/MTc=
Dr  SOMNATH SINHA,COMPUTER SCIENCE,Computer Science,https://christuniversity.in/Computer Science/faculty-details/NjY0Nw==/NjI=
Dr  SREEJA C S,COMPUTER SCIENCE,Information Security using DNA Cryptography,https://christuniversity.in/Computer Science/faculty-details/MzIwNg==/NjI=
Dr  SREEJA P B,CHEMISTRY,Chemistry,https://christuniversity.in/Chemistry/faculty-details/NDU1/MTc=
Dr  SREEJA S KARTHA,PHYSICS AND ELECTRONICS,Astrophysics,https://christuniversity.in/Physics and Electronics/faculty-details/MjgxMA==/MTg=
Dr  SRIDEVI R,COMPUTER SCIENCE,Computer Science,https://christuniversity.in/Computer Science/faculty-details/NjgyOA==/NjI=
Dr  STEPHEN R,COMPUTER SCIENCE (YESHWANTHPUR),Computer Science,https://christuniversity.in/Computer Science/faculty-details/Njg0Ng==/ODA0
Dr  SUBRAMANI R,MATHEMATICS (YESHWANTHPUR),Mathematics,https://christuniversity.in/Mathematics/faculty-details/NjA5Ng==/ODAy
Dr  SUDEV N K,MATHEMATICS,Mathematics,https://christuniversity.in/Mathematics/faculty-details/MjkzMQ==/MzI=
Dr  SUDHAKAR T,COMPUTER SCIENCE,Computer Science,https://christuniversity.in/Computer Science/faculty-details/NzA1MA==/NjI=
Dr  SUGANTHI J,COMPUTER SCIENCE (YESHWANTHPUR),Information and Communication Engineering,https://christuniversity.in/Computer Science/faculty-details/Njg2OQ==/ODA0
Dr  SUMA S,LIFE SCIENCES,Biotechnology,https://christuniversity.in/Life Sciences/faculty-details/MjY4/NjA=
Dr  SUNAJA DEVI K R,CHEMISTRY,Chemistry,https://christuniversity.in/Chemistry/faculty-details/MjY1/MTc=
Dr  SURABHI SAXENA,COMPUTER SCIENCE,SOFTWARE ENGINNERING AND FUZZY LOGIC,https://christuniversity.in/Computer Science/faculty-details/ODU1OA==/NjI=
Dr  SURESH K,COMPUTER SCIENCE,School of Computing Sciences,https://christuniversity.in/Computer Science/faculty-details/NjE4MA==/NjI=
Dr  SUVARDHAN K,CHEMISTRY,ElectroAnalytical Chemistry,https://christuniversity.in/Chemistry/faculty-details/NjY1OA==/MTc=
Dr  SWEETY,DATA SCIENCE (Lavasa),Statistics,https://christuniversity.in/Computer Science/faculty-details/NjY5Mw==/NjI=
Dr  TEENA JOSE,COMPUTER SCIENCE (YESHWANTHPUR),Computer Science,https://christuniversity.in/Computer Science/faculty-details/NTkzMg==/ODA0
Dr  TEGIL J JOHN,COMPUTER SCIENCE,Computer Science,https://christuniversity.in/Computer Science/faculty-details/ODQyMQ==/NjI=
Dr  THIRUNAVUKKARASU V,COMPUTER SCIENCE,Computer Science,https://christuniversity.in/Computer Science/faculty-details/NjAzOQ==/NjI=
Dr  THOMAS C MATHEW,CHEMISTRY,Education,https://christuniversity.in/Chemistry/faculty-details/NzE=/MTc=
THOMAS K T,DATA SCIENCE (Lavasa),Computer Science,https://christuniversity.in/Computer Science/faculty-details/NDc5NQ==/NjI=
Dr  THONTADARI C,COMPUTER SCIENCE (YESHWANTHPUR),Image Processing,https://christuniversity.in/Computer Science/faculty-details/ODUzOQ==/ODA0
Dr  THRIVENI K,MATHEMATICS (YESHWANTHPUR),Mathematics,https://christuniversity.in/Mathematics/faculty-details/NzA2OA==/ODAy
Dr  TINU THOMAS,LIFE SCIENCES,Plant Molecular Physiology,https://christuniversity.in/Life Sciences/faculty-details/ODM5Mw==/NjA=
Dr  TINY S PALATHARA,DATA SCIENCE (Lavasa),Economics,https://christuniversity.in/Computer Science/faculty-details/NjY0Ng==/NjI=
Dr  TULASI B,STATISTICS AND DATA SCIENCE,Computer Science,https://christuniversity.in/statistics_and _data_science/faculty-details/MTgy/OTEy
Dr  UMAMAHESWARI D,COMPUTER SCIENCE (YESHWANTHPUR),Machine Learning,https://christuniversity.in/Computer Science/faculty-details/ODU5MA==/ODA0
Dr  UMMESALMA M,STATISTICS AND DATA SCIENCE,Data Mining and Knowledge Discovery,https://christuniversity.in/statistics_and _data_science/faculty-details/MjQ1OQ==/OTEy
Dr  VAIDHEHI V,COMPUTER SCIENCE,Computer Science,https://christuniversity.in/Computer Science/faculty-details/MzA0/NjI=
Dr  VANDANA VIJAY BHAGAT,DATA SCIENCE (Lavasa),Computer Science,https://christuniversity.in/Computer Science/faculty-details/NDA0OA==/NjI=
Dr  VASANTHA V L,LIFE SCIENCES,Microbiology,https://christuniversity.in/Life Sciences/faculty-details/MjMw/NjA=
Dr  VIJAY ARPUTHARAJ J,COMPUTER SCIENCE,Computer Science,https://christuniversity.in/Computer Science/faculty-details/NzAyNQ==/NjI=
Dr  VIJAYALAKSHMI A,STATISTICS AND DATA SCIENCE,Computer Science,https://christuniversity.in/statistics_and _data_science/faculty-details/MTky/OTEy
Dr  VIJAYALAKSHMI S,DATA SCIENCE (Lavasa),Computer Science,https://christuniversity.in/Computer Science/faculty-details/NTA0OQ==/NjI=
Dr  VIJAYASANKAR A V,CHEMISTRY,Catalysis,https://christuniversity.in/Chemistry/faculty-details/Nzk5/MTc=
Dr  VIJETH R SHETTY,CHEMISTRY,Chemistry,https://christuniversity.in/Chemistry/faculty-details/NzA0Ng==/MTc=
Dr  VINAY M,COMPUTER SCIENCE (YESHWANTHPUR),Computer Science,https://christuniversity.in/Computer Science/faculty-details/MTYx/ODA0
Dr  VINEETH V,PHYSICS AND ELECTRONICS,"Instrumentation, Xray optics",https://christuniversity.in/Physics and Electronics/faculty-details/Mjg4NQ==/MTg=
Dr  VINEETHA K R,COMPUTER SCIENCE,Computer Science,https://christuniversity.in/Computer Science/faculty-details/NjgxNA==/NjI=
Dr  VINOD T P,CHEMISTRY,Chemistry,https://christuniversity.in/Chemistry/faculty-details/Mjg4MQ==/MTc=
VYSHALI J GOGI,STATISTICS AND DATA SCIENCE,Data Mining in Healthcare,https://christuniversity.in/statistics_and _data_science/faculty-details/NzA1OQ==/OTEy
Dr  YAMUNA NAIR,CHEMISTRY,Chemistry,https://christuniversity.in/Chemistry/faculty-details/MjI4/MTc=
